[
    {
    "image": "https://static.nike.com/a/images/t_PDP_1728_v1/f_auto,q_auto:eco/08105925-b788-48d7-8381-99257fcd0281/%EC%97%90%EC%96%B4-%ED%8F%AC%EC%8A%A4-1-07-%ED%94%84%EB%A6%AC%EB%AF%B8%EC%97%84-%EB%82%A8%EC%84%B1-%EC%8B%A0%EB%B0%9C-rITlXdq3.png",
    "name": "나이키 에어 포스 1 07 프리미엄",
    "price" : 179000,
    "type": "흰색"
    },
    {
    "image": "https://static.nike.com/a/images/t_PDP_1728_v1/f_auto,q_auto:eco/b7061990-60db-4a55-aee4-be2d8fb2a4e4/%EC%97%90%EC%96%B4-%ED%8F%AC%EC%8A%A4-1-%EB%AF%B8%EB%93%9C-07-%EB%82%A8%EC%84%B1-%EC%8B%A0%EB%B0%9C-iMWJVBDW.png",
    "name": "나이키 에어 포스 1 미드 07",
    "price": 116300,
    "type": "황토색"
    },
    {
    "image": "https://static.nike.com/a/images/t_PDP_1728_v1/f_auto,q_auto:eco/92de91c7-d0c6-4509-a3eb-21b7ab17e33e/%ED%8F%AC%EC%8A%A4-1-%EB%A1%9C%EC%9A%B0-%EB%B2%A0%EC%9D%B4%EB%B9%84-%EC%8B%A0%EB%B0%9C-WY9aBmcC.png",
    "name": "나이키 포스 1 로우",
    "price": 48700,
    "type": "노란색"
    },
    {
    "image": "https://static.nike.com/a/images/c_limit,w_592,f_auto/t_product_v1/5ba65419-d341-4c08-882f-e318e7a77d13/%EC%97%90%EC%96%B4-%ED%8F%AC%EC%8A%A4-1-%EB%A1%9C%EC%9A%B0-%EB%A0%88%ED%8A%B8%EB%A1%9C-%EB%82%A8%EC%84%B1-%EC%8B%A0%EB%B0%9C-s88jwiO8.png",
    "name": "나이키 에어 포스 1 로우 레트로",
    "price": 159000,
    "type": "노란색"
    },
    {
    "image": "https://static.nike.com/a/images/t_PDP_864_v1/f_auto,b_rgb:f5f5f5/2dcd739e-0b1d-44bc-b594-95a172573aea/%EC%97%90%EC%96%B4-%ED%8F%AC%EC%8A%A4-1-%EC%9E%84%ED%8C%A9%ED%8A%B8-%EB%84%A5%EC%8A%A4%ED%8A%B8-%EB%84%A4%EC%9D%B4%EC%B2%98-%EB%B9%84%EB%93%9C-%ED%82%A4%EC%A6%88-%EC%8B%A0%EB%B0%9C-2Kn8WfJ3.png",
    "name": "나이키 에어 포스 1 임팩트 넥스트 네이처",
    "price": 119000,
    "type": "흰색"
    },
    {
    "image": "https://static.nike.com/a/images/t_PDP_864_v1/f_auto,b_rgb:f5f5f5/815557a0-5b89-44db-a1a7-d734f830cfe1/%ED%8F%AC%EC%8A%A4-1-%EB%A1%9C%EC%9A%B0-se-%EB%A6%AC%ED%8B%80%ED%82%A4%EC%A6%88-%EC%8B%A0%EB%B0%9C-61sTrNoq.png",
    "name": "나이키 포스 1 로우 SE",
    "price": 57000,
    "type": "흰색"
    },
    {
    "image": "https://static.nike.com/a/images/t_PDP_864_v1/f_auto,b_rgb:f5f5f5/9e4037aa-a4ff-44fe-a83e-0e59178927d2/%EC%97%90%EC%96%B4-%ED%8F%AC%EC%8A%A4-1-07-%EB%82%A8%EC%84%B1-%EC%8B%A0%EB%B0%9C-WYyucimy.png",
    "name": "나이키 에어 포스 1 07",
    "price": 139000,
    "type": "황토색"
    },
    {
    "image": "https://static.nike.com/a/images/t_PDP_864_v1/f_auto,b_rgb:f5f5f5/b04d4c27-d586-46c7-809e-6b0de2bb0480/%EC%97%90%EC%96%B4-%ED%8F%AC%EC%8A%A4-1-%ED%95%98%EC%9D%B4-07-lx-%EB%82%A8%EC%84%B1-%EC%8B%A0%EB%B0%9C-gQ10l945.png",
    "name": "나이키 에어 포스 1 하이 07 LX",
    "price": 179000,
    "type": "검은색"
    },
    {
    "image": "https://static.nike.com/a/images/t_PDP_864_v1/f_auto,b_rgb:f5f5f5/2be25a22-ce63-4eaa-b967-1d5991432cc4/%ED%8F%AC%EC%8A%A4-1-lv8-2-%EB%B2%A0%EC%9D%B4%EB%B9%84-%EC%8B%A0%EB%B0%9C-S6ShLr5J.png",
    "name": "나이키 포스 1 LV8 2",
    "price": 79000,
    "type": "검은색"
    },
    {
    "image": "https://static.nike.com/a/images/t_PDP_864_v1/f_auto,b_rgb:f5f5f5/53a1614a-a5fd-4bfe-977e-6921451ed50e/%EC%97%90%EC%96%B4-%ED%8F%AC%EC%8A%A4-1-%EB%A6%AC%EC%95%A1%ED%8A%B8-%EB%82%A8%EC%84%B1-%EC%8B%A0%EB%B0%9C-heCqV9eX.png",
    "name": "나이키 에어 포스 1 리액트",
    "price": 179000,
    "type": "흰색"
    }
    ]
